id|comments|title
1134006|13231|小米（MI）7.9英寸平板 WIFI 16GB（NVIDIA Tegra K1 2.2GHz 2G 16G 2048*1536视网膜屏 800W）白色
1192330|6879|小米（MI）7.9英寸平板 WIFI 64GB（NVIDIA Tegra K1 2.2GHz 2G 64G 2048*1536视网膜屏 800W）白色
1225995|2218|小米（MI）7.9英寸平板 WIFI 16GB（NVIDIA Tegra K1 2.2GHz 2G 16G 2048*1536视网膜屏 800W）浅绿色
1225988|1336|小米（MI）7.9英寸平板 WIFI 16GB（NVIDIA Tegra K1 2.2GHz 2G 16G 2048*1536视网膜屏 800W）柠黄色
1284247|578|小米（MI）7.9英寸平板 WIFI 64GB（NVIDIA Tegra K1 2.2GHz 2G 64G 2048*1536视网膜屏 800W）天蓝色
